-- Inserts para la tabla CARGO
INSERT INTO CARGO (ID_CARGO, NOMBRE_CARGO) VALUES
(100, 'GERENTE'  ),
(200, 'VENDEDOR' ),
(300, 'CAJERO'   ),
(400, 'ASISTENTE');
COMMIT;

-- Inserts para la tabla EMPLEADO
INSERT INTO EMPLEADO (ID_EMPLEADO, ID_CARGO, NOMBRE_EMP, APELLIDO_EMP) VALUES
(1, 100, 'JUAN',   'PÉREZ'   ),
(2, 200, 'MARY',   'GONZÁLEZ'),
(3, 300, 'PEDRO',  'DÍAZ'    ),
(4, 200, 'LAURA',  'SÁNCHEZ' ),
(5, 100, 'CARLOS', 'LÓPEZ'   ),
(6, 400, 'ANA',    'MARTÍNEZ');
COMMIT;

---INSERT CLIENTE 
INSERT INTO CLIENTE (ID_CLIENTE, NOMBRE_CLI, APELLIDO_CLI, DIRECCION_CLI, TELF_CLI, RUC_CLI) VALUES
(21, 'JUAN',  'PÉREZ',    'AV. MALECON SIMON BOLIVAR', '0987654321', '1234567890123'),
(22, 'MARÍA', 'GONZÁLEZ', 'CDLA. ALBORADA',            '0998765432', '1234567890124'),
(23, 'PEDRO', 'DÍAZ',     'AV. JUAN TANCA MARENGO',    '0912345678', '1234567890125'),
(24, 'LAURA', 'SÁNCHEZ',  'AV. VICTOR EMILIO ESTRADA', '0923456789', '1234567890126'),
(25, 'CARLOS','LÓPEZ',    'URDESA CENTRAL ENTRE RIOS', '0909876543', '1234567890127'),
(26, 'ANA',   'MARTÍNEZ', 'AV. 9 DE OCTUBRE',          '0934567890', '1234567890128');
COMMIT;

-- INSERT PROVINCIA
INSERT INTO PROVINCIA (ID_PROVINCIA, NOMBRE_PROVINCIA) VALUES
(40, 'PICHINCHA'  ),
(41, 'GUAYAS'     ),
(42, 'AZUAY'      ),
(43, 'MANABÍ'     ),
(44, 'ORO'        ),
(45, 'SANTA ELENA');
COMMIT;

-- INSERT CIUDAD
INSERT INTO CAPITAL (ID_CAPITAL, NOMBRE_CAPITAL, ID_PROVINCIA) VALUES
(50, 'QUITO',       40),
(51, 'GUAYAQUIL',   41),
(52, 'CUENCA',      42),
(53, 'PORTOVIEJO',  43),
(54, 'MACHALA',     44),
(55, 'SANTA ELENA', 45);
COMMIT;

-- INSERT SUCURSAL
INSERT INTO SUCURSAL (ID_SUCURSAL, NOMBRE_SUC, ID_CAPITAL, DIRECCION_SUC) VALUES
(60, 'MATRIZ',     50, 'CALLE PANAMA ENTRE RIOS'),
(61, 'SUCURSAL 1', 51, 'MALECON SALADO'         ),
(62, 'SUCURSAL 2', 52, 'VALENCIA SOLAR 3'       ),
(63, 'SUCURSAL 3', 53, 'LOS ESTEROS'            ),
(64, 'SUCURSAL 4', 54, 'CARCHI Y SAN MARTIN'    ),
(65, 'SUCURSAL 5', 55, '29AVA ENTRE SIMON MART' );
COMMIT;

-- INSERT PRODUCTO
INSERT INTO PRODUCTO (ID_PRODUCTO, NOMBRE_PROD, PRECIO_UNIT) VALUES
(71, 'LAMINAS DE ACETATO',     '0.50'),
(72, 'PAPEL BOND',             '2.75'),
(73, 'PAPEL DECORATIVO',       '1.00'),
(74, 'HOJAS A4',               '1.25'),
(75, 'HOJAS A3',               '1.99'),
(76, 'CUADERNO UNIVERSITARIO', '5.50');
COMMIT;

-- INSERT DETALLE_PRODUCTO
INSERT INTO DETALLE_PRODUCTO (ID_DETALLE, ID_PRODUCTO, CANTIDAD) VALUES
(101, 71, 2 ),
(201, 72, 7 ),
(301, 73, 15),
(401, 74, 25),
(501, 75, 20),
(601, 76, 30);
COMMIT;

-- INSERT FACTURA 
INSERT INTO FACTURA (ID_FACTURA, ID_CLIENTE, FECHA) VALUES
(00221, 21, '2024-02-28'),
(00222, 22, '2024-02-27'),
(00223, 23, '2024-02-25'),
(00224, 24, '2024-02-26'),
(00225, 25, '2024-02-27'),
(00226, 26, '2024-02-27');
COMMIT;

-- INSERT DETALLE_FACTURA 
INSERT INTO DETALLE_FACTURA (ID_DETALLE, ID_FACTURA, ID_PRODUCTO, CANTIDAD) VALUES
(11221, 00221, 71, 2 ),
(11222, 00222, 72, 7 ),
(11223, 00223, 73, 15),
(11224, 00224, 74, 25),
(11225, 00225, 75, 20),
(11226, 00226, 76, 30);
COMMIT;

-- INSERT  RECIBO
INSERT INTO RECIBO (ID_RECIBO, ID_EMPLEADO, ID_CLIENTE, ID_SUCURSAL, ID_PRODUCTO, ID_DETALLE, FECHA) VALUES
(1, 1, 21, 60, 71, 101, '2024-02-28' ),
(2, 2, 22, 61, 72, 201, '2024-02-27' ),
(3, 3, 23, 62, 73, 301, '2024-02-25' ),
(4, 4, 24, 63, 74, 401, '2024-02-26' ),
(5, 5, 25, 64, 75, 501, '2024-02-27' ),
(6, 6, 26, 65, 76, 601, '2024-02-27' );
COMMIT;

